data_source_1,data_source_2
Baan Bannavan,"999 Baan Suay Quality House Co., Ltd."
Baan Chan,"Baan Alita Co.,Ltd."
Baan Chao Praya,"BAAN AMORNSAP CO., LTD."
Baan Klang Hua Hin,"Baan Areeya Sakon NaKhon Co., Ltd."
"Baan Krong Thong Co., Ltd.","BAAN CHAN MAI PROPERTY CO., LTD."
Baan Nondzee,"Baan Chan Phasoet Co., Ltd."
Baan Puri Apartments,"Baan Charungklin Co,.Ltd."
Baan Rajprasong,"Baan Isary Co., Ltd."
Baan Rock Garden Company Limited,"Baan Jai Rak Co., Ltd."
Baan Rom Mai Condominium,Baan Jaikaew Arawan
Baan Rom Yen,"Baan Kanlapaphruek Co., Ltd."
Baan Sangchan,"Baan Krang Lake View Co., Ltd."
"Baan Sasidara Co., Ltd.","Baan Krong Thong Co., Ltd."
Baan Suan Plu,"Baan Lang Suan Property Co., Ltd."
Baan Sukhumvit Enterprise,"Baan Mee Khun Co., Ltd."
Baan Tarndong,"BAAN MONTHON PROPERTY CO., LTD."
"Baan Yu Yen Resort Co., Ltd.","BAAN NAM TALAY CO., LTD."
Baanjai,"Baan Narapat Co., Ltd."
"Baanrabiengkhao co.,Ltd.","BAAN NARAPHAT CO., LTD."
"Baansuay Land and House Co., Ltd.","Baan Navin Co., Ltd."
Baanthai Pool Villa,"Baan Pattaya Co.,Ltd."
Nai Harn Baan-Bua,"Baan Permporn Co., Ltd."
,"Baan Phan Pruksa Co., Ltd."
,"Baan Phumrak Co., Ltd."
,"BAAN PIBOON CO., LTD."
,"Baan Pornsawan Co.,Ltd."
,"Baan Rajprasong Pub Co.,Ltd."
,"Baan Rock Garden Pub Co., Ltd."
,"Baan Rub Lom Co., Ltd."
,"Baan Ruenruedee Co.,Ltd."
,Baan San Rak
,"Baan Sang Real Estate Co., Ltd."
,"Baan Sarin Co., Ltd."
,"BAAN SASIDARA CO., LTD."
,"BAAN SIRISA CO., LTD."
,"Baan Sri Trang Co., Ltd."
,"Baan Suan Koon Co.,Ltd."
,"Baan Suay Property Co., Ltd."
,"Baan Suay Quality House Co., Ltd."
,"BAAN SUAY TUEWMAI CO., LTD."
,"Baan Tang Development Co., Ltd."
,"Baan Thai Sangthong Co., Ltd."
,"Baan Thap Phraya Co., Ltd."
,"Baan Ungsana Co., Ltd."
,Baan Viralpath Company Limited
,"Baan Wandee Real Estate Co., Ltd."
,"BAAN WIRALPATCH CO., LTD."
,"Baan Wisawa (Mukdahan) Co., Ltd."
,"Baandee Development Co., Ltd."
,"BaanKasira Co.,ltd."
,"Baanrungarroon Chiangmai Co., Ltd."
,"Baansai Garden Co.,Ltd."
,"Baansuay developer Co., Ltd."
,"Baanthip Monthathong Co., Ltd."
,"_Baan Phumpatana Co.,Ltd."
,"_Baansinnsuk Co.,Ltd."