field_location_lat,field_location_lng,english_project_name
13.657468,100.603578,Knightsbridge Bearing
13.5924087,100.8295299,CASA FRANCE
13.6547,100.604512,Lumpini Ville Sukhumvit 109-Bearing
13.615529,100.687145,Pruksa Ville 38/1 Nhamdaeng-Theparak
13.595734,100.834475,Latitude condominium
13.65832,100.606151,Notting hill Bearing
13.587061,100.701899,Vararom Lakeview
13.603700284466209,100.84721805291747,DCONDO CAMPUS RESORT BANGNA
13.626218,100.629021,Lumpini Mixx Thepharak-Srinakarin
13.660844,100.660804,Niche MONO Mega Space Bangna
13.584939,100.608824,The President Sukhumvit-Samutprakan
13.687755,100.793463,Baan Pruksa 58/2 Ladkrabang-Suvarnabhumi
13.600668,100.688014,Pruksa Ville Teparak
13.662584345283946,100.65432505310325,Plex Bangna
13.652963,100.64386,THE PARKLAND SRINAKARIN LAKESIDE
13.589240297571047,100.63198075627902,Pruksa Ville 78 Srinakarin-Thepharak
13.659314297386775,100.59755526919687,UNiO Sukhumvit 72
13.613416289133,100.52095651106,"2 floor detached house for sale, ready to move in. Fully furnished Supalai Garden Ville"
13.6533,100.688409,Baan Issara Bangna
13.640131,100.680643,A SPACE ME BANGNA
13.64371068482597,100.66343939384842,VIVE Bangna KM.7
13.710104860408173,100.72462831113673,Perfect Residence Sukhumvit 77-Suvarnabhumi
13.683994606075247,100.71235504662707,Burasiri Wongwaen-On Nut
13.647505,100.600838,Niche ID Sukhumvit 113
13.652982,100.64386,The Parkland Srinakarin
13.644198153514765,100.69424926675498,Narasiri Bangna
13.61476157264031,100.71317199999999,Britania Bangna-KM.12
13.638493,100.852305,Villaggio Bangna
13.612720441633654,100.66565552194768,Bangkok Boulevard Teparak-Wongwaen
13.654678016007377,100.61011142621865,Supalai City Resort Sukhumvit 107
13.584697,100.699219,Suthavee Cluster House
13.57960918684391,100.83052220965213,Burasiri Bangna
13.6117233,100.7323332,For Sale and Rent Samut Prakan Single House Bang Na-Trat Bang Phli BRE14360
13.62576559133706,100.64150264022749,Bangkok Boulevard Srinakarin-Bangna
13.659262,100.70575,Windmill Village
13.653323,100.520897,Baan Klang Muang Rama3-Suksawat
13.646183,100.595117,The Metropolis Samrong Interchange
13.64549,100.642853,Baan Suanthon Srinakarin condominium
13.576934,100.724976,Kittinakorn Green Ville
13.614196,100.68061,Atoll Maldives Beach Srinakarin-Wongwaen
13.713864588014053,100.78521079188855,Baan Pruklada Suvarnabhumi
13.752222,100.49389,Thana City Prestige
13.59443160706271,100.65869199999993,Baan Lalin Inthepark Wongwaen-Thepharak
13.605371334888348,100.61681401568462,Le Nextra Srinakarin
13.694295,100.790908,Supawan River Place condominium
13.643752,100.615443,G HAUS CONDOMINIUM
13.63196689629057,100.77069700995513,Nirun Ville 10
13.597737293958621,100.63372305627914,Chaiyaphruek Srinakharin
13.650952,100.654083,Baan Chayada @ Work
13.657437,100.604123,The Gallery Bearing
13.655599,100.669658,The Forestias
13.605738,100.840174,Light Stage Condominium
13.593864043056827,100.69361124178603,Villa Nova Teparak
13.585286,100.693068,Villaggio Bangna - Theparak
13.650106,100.671977,Nantawan Bangna Km.7
13.63878,100.59202,Niche Mono Sukhumvit-Pu Chao
13.6335741,100.7548851,Thana city nouvelle
13.620116104984824,100.58938972837404,The Trust Erawan
13.6098125,100.7618125,"For rent 5 bedrooms house, Chaiyapruk village. Near Suvarnabhumi, Ladkrabang, Bangna"
13.64833,100.601106,The Kith Plus Sukhumvit 113
13.655336381815433,100.59383864790139,Lumpini Ville Sukhumvit 76 – Bearing Station
13.655229,100.593906,Lumpini Ville Sukhumvit 76 - Bearing Station 2
13.657872,100.603992,The Knight I & II Condominium
13.6335741,100.7548851,"Bang Pla, Bang Phli District, Samut Prakan 10540"
13.724377323807518,100.58169833862303,59 Heritage Sukhumvit 59
13.637699,100.608816,Kensington Sukhumvit-Theparak
13.6356245,100.620212,The Centro Sukhumvit 113
13.639409933366,100.6010708941,My Home Town Theparak
13.663853,100.6132453,City Home Sukhumvit 101/2
13.640516696970439,100.85324437959434,Pruklada Bangna
13.586781104509875,100.67149803655069,Pruksa 15 Thepharak
13.635187,100.667482,Centro Bangna Km.7
13.748502,100.565959,Ideo Mobi Asoke
13.653036647074218,100.59295373379905,The Cabana Condo
13.643528955092936,100.65257575628033,Villa Arcadia Srinakarin
13.637723,100.60865,KnightsBridge Sukhumvit-Thepharak
13.6495091,100.6396958,None
13.654211,100.605342,D CONDO SUKHUMVIT 109
13.592641,100.829856,swift condo
13.628285881664405,100.71103688376553,Passorn 25 Bangna Km.13
13.627073,100.635957,Casitas condominium
13.650105,100.6719779,For Rent Samut Prakan House Nantawan Bang Na-Trat Road Bang Phli BRE0757
13.644146,100.694238,For Sale House Narasiri Phatthanakan Suan Luang BRE11906
13.643824226009,100.69424567859,narasiri bangna
13.63837,100.6732,Magnolias Southern California Bangna-Km.7
13.6577875,100.6017344,Townhouse for Sale and Rent Sukhumvit 107
13.603716,100.598177,The parkland sukhumvit-paknam
13.6646875,100.7173125,single house
13.6410599,100.6734328,For Rent Samut Prakan Town House VIVE Bangna KM.7 Bang Na-Trat Road Bang Phli BRE15834
13.636812,100.593864,B-LOFT Sukhumvit 115
13.642063,100.666464,Mantana Bangna Km.7
13.695525,100.785754,Baan Pruksa 86/1 Ladkrabang-Suvarnabhumi
13.658262,100.599962,Niche Mono Sukhumvit-Bearing
13.708240199425804,100.59885808217427,Diamond Sukhumvit
13.554792143972566,100.67833432172843,Pruksa 28/1
13.601101,100.506638,Pruklada Prachauthit 90
13.70355432873784,100.7265788648234,Lake Legend Bangna – Suvarnabhumi
13.637929,100.592683,Ideo Sukhumvit 115
13.632436,100.693909,The Connect 2 Bangna KM.10-Suvarnabhumi
13.621051,100.59008,Aspire Erawan Prime
13.6556958,100.5996513,Bliz Condominium Bearing
13.597675,100.729199,Panara Thepharak
13.619700021041535,100.69021430904488,The Village Bangna-Wongwaen 3
13.6435356,100.6323145,The Season Srinakarin
13.613860017380041,100.62052336014314,Baan Nantawan Srinakarin
13.681451,100.609938,Ideo Mobi Sukhumvit 66
13.606241365865,100.68844796312,townplus taparak
13.6058169,100.8677256,METTOWN BANGNA
13.6579375,100.5951875,102 square meters House for Rent in Bearing Soi 58 (Owners Post)
13.654876637149904,100.67159488095092,Lumpini MegaCity Bangna
13.6117233,100.7323332,For Sale and Rent Samut Prakan Town House King Kaeo Bang Phli BRE17905
13.6335741,100.7548851,Thana City Nouvelle Condomini
13.624236443453823,100.61052715273395,Moo Baan Thawithong
13.623482022443401,100.68654282705302,Areeya Como Primo Bangna-Wongwaen
13.636356,100.688301,The Village 2 Bangna km.8
13.714717,100.7251718,Perfect Place Sukhumvit 77-Suvarnabhumi
13.648782590555,100.65704539418,Pruksa Town Nexts Loft
13.628241868220433,100.69427458629711,The Connect 8 Bangna
13.720599,100.724827,Perfect Masterpiece Sukhumvit 77
13.635996,100.668133,Pleno Sukhumvit-Bangna
13.642172247103504,100.6357795608497,Ladawan Srinakarin
13.657562,100.603325,Knightsbridge Collage Sukhumvit 107
13.566195559676661,100.69533947237113,K.C. Natural Ville Bangna-Theparak
13.712130837975819,100.78477609294093,Moobaan Chollada Suvarnabhumi
13.655129,100.607381,Pause ID Sukumvit107
13.752222,100.49389,"3-storey townhouse for rent, Sukhumvit Soi 76, Samut Prakan (owner for rent)"
13.589575,100.696893,Baan Prinyada Teparak
13.647961,100.724168,Baan krissana suvarnabhumi
13.6835591,100.7123901,For Rent Samut Prakan Single House Blue Lagoon Wongwaen-Onnut Kanchanaphisek Bang Phli BRE16323
13.642594,100.686676,Pruksa Ville 76 Bang Na-Wongwan
13.648868,100.656696,Pruksatown Nexts-Bangna km.5
13.6440225,100.66514,For Rent Samut Prakan Town House Vive Bang Na-Trat Road Bang Phli BRE5630
13.589655980999895,100.50023645643341,P.K.Land & House Prachauthit 90
13.69035624020864,100.72829454234471,Nantawan Suvarnabhumi
13.634884,100.591212,Supalai Veranda Sukhumvit 117
13.6302375,100.7743594,Crystal lake - Lakewood
13.635462,100.667152,The City Bangna-KM.7
13.636508501527368,100.59457133842795,Pause condo Sukumvit115
13.5861125,100.5649219,"House for sale, half cement, half timber, newly renovated, ready to move in - area 46 square wa"
13.717888,100.532691,Nara 9 Sathorn-Narathiwas
13.653931680094509,100.62122399468157,Grand Bangkok Boulevard Sukhumvit
13.641636,100.678513,A Space Mega 2
13.60506431508472,100.59642844907376,KNIGHTSBRIDGE SKY RIVER OCEAN
13.6548125,100.6750625,Single House Lakeside Villa 2
13.6335741,100.7548851,** 6 Bedrooms Home Office for RENT ** The Best Kingkaew-Suvarnnabhumi
13.5748422,100.646241,K.C. Park Ville Bangna-Teparak
13.6563125,100.6051875,Fantasia Villa 2 bearing
13.608233070935546,100.8293440406465,Modi Villa Bangna
13.72974811608833,100.58126499503715,HQ Thonglor
13.62749,100.721762,Mantana Bangna Km.13
13.6508125,100.5981875,"House for rent, Samrong Nuea Subdistrict, Mueang District, Samut Prakan Province, near BTS (Bearing)"
13.654387,100.602328,Sense of London
13.6504375,100.6798125,NUE MEGA PLUS
13.569616147657014,100.64503422698192,Natura Sukhumvit – Praksa
13.624664311327384,100.66236258636559,Passorn Pride Srinakharin – Namdang
13.7059375,100.7138125,Prime nature villa
13.688721,100.722143,Golden Neo Bangna-Kingkaew
13.624355,100.629902,Color Living condominium
13.706752927897256,100.72193255625587,Pruksa Ville 92 Onnut-Suvarnabhumi
13.655902,100.599419,B-LOFT Sukhumvit 109
13.656548,100.606707,Kensington Condominium
13.753702,100.564323,Chewathai Residence Asoke
13.593057484949002,100.81477697116466,Orchid Villa Bangna Km.24
13.638354162730378,100.65124851122873,Mantana2 Srinakarin
13.641099328448284,100.67355910152374,Setthasiri Bangna-Wongwaen
13.623552580526855,100.64993997065015,Mantana Srinakarin - Bangna
13.752222,100.49389,The Connect Bearing Station
13.646178127200681,100.67152726811459,Indy 5 Bangna Km.7
13.556755520382,100.69177096855,K.C. Parkville Bangna-Theparak
13.594435299309074,100.65885935500263,Lalin In the park Srinakarin - Teparak
13.613186463156,100.84302075778,jcanal condo
13.649248,100.677296,Baan Magnolias condominium
13.6449375,100.6463125,99/98 Soi Sridan 22
13.6109375,100.7131719,Noble Park
13.600232,100.877588,Chuan Chuen Prime Village Bangna
13.894365,100.521054,Nichada Thani
13.916043471574,100.39901684667,Thip Phimarn Garden
13.870367792379607,100.45210276575764,Grand Bangkok Boulevard Ratchapruek - Rattanathibate
13.876738585484246,100.4136741449299,Plum Condo Central Station Phase 1
13.689859,100.72378,Golden Town Bangna-Kingkaew
13.850391955476281,100.51642467055228,KnightsBridge Duplex Tiwanon
13.862024,100.504931,The Hotel Serviced Condo
13.8169358,100.3441758,Pave Pinklao-Salaya
13.940057,100.547185,Champs Elysees Tiwanon–Chaengwattana
13.87924038199856,100.47154412219491,Perfect Masterpiece Century Rattanathibet
13.859981297693624,100.4394333229208,Casa Grand Ratchapruek - Rama 5
13.905513,100.524914,Astro Chaeng Wattana
13.881519117739684,100.48570633527606,MANOR SANAMBINNAM
13.860809,100.466265,Golden Town Rattanathibet-Saima Station
13.869339196359936,100.4888495758901,The City Rattanathibet – Khaerai
13.839327656033971,100.51575963852542,AMBER BY EASTERN STAR
13.870447743474848,100.47141150921873,Nonnicha Phra Nangklao Bridge
13.842703,100.442753,RIZZO Condo Bangkrang
13.843338174766592,100.37910503453016,Chaiyapruk Pinklao-Kanchanapisek
13.92477,100.535659,Golden Lake View condominium (Geneva Building)
13.841102374047654,100.51296270552257,Centric Tiwanon Station
13.89720733970315,100.55193744047551,THE BASE Chaengwattana
13.928975,100.420002,The Villa Bangbuathong
13.870932623448688,100.42204160057307,Romruen Ville 4
13.899873,100.540041,The Key Chaengwattana
13.8237537,100.436087,House for sale Perfect Place near The Walk Ratchaphruek
13.915267,100.540035,M Society
13.905422835731011,100.54114962131432,Haus 35 Chaengwattana
13.906203990053823,100.45016568329045,Prukpirom Rachapruk-Ratanathibet
13.9077337,100.4958678,Victoria Lakeview Condominium
13.8524375,100.3973125,Perfect Park Rama 5 - Bangyai
13.841809359694762,100.51146896808814,Supalai Vista Tiwanon
13.626288,100.659982,Baan Pruksa 87/2 Srinakarin-Bangna
13.8241875,100.5048125,Piboon Park Ville
13.835069062325893,100.44528179309383,Thanasiri Pinklao-Ratchapruek
13.9308125,100.5390625,The Plant Chaengwattana
13.945414,100.476854,Saransiri Ratchaphruek-Chaengwattana
13.895964549259679,100.55140457153963,Supalai Loft Chaeng Watthana
13.838819,100.515319,The Cuve’e Tiwanon
13.584794,100.721788,"Butsarin Thanasit, Bangpla"
13.9340625,100.5186875,"Townhome (Piam Suk 4), size 40 sq m."
13.877157,100.466281,Perfect Masterpiece Rattanathibet
13.626588,100.663386,Pruksa Ville 66/1 Bangna - Namdaeng
13.89968860192364,100.3431579274106,Chonlada Bangbuathong - Rattanathibet
13.921696,100.538549,The Lake Condominium Muang Thong Thani
13.862866786195445,100.43850069738644,The Centro Rattanathibet
13.906209,100.45014,Prukpirom Regent Rachapruk-Ratanathibet
13.8386875,100.4820156,Living Park Rama5
13.8090747,100.4496924,Baan Benyapha Ratchaphruek
13.9354695,100.383479,Novo Ville Wongwaen-Bangyai
13.6389375,100.6826094,The Color Premium Bangna
13.874313,100.47906,The Politan Breeze Nonthaburi
13.591119,100.513137,Indy Prachauthit 90
13.8883875,100.3904844,Prime Place The Greenery-Bangyai
13.610647331205046,100.63880882882238,Sap Din Thong Namdaeng
13.863366,100.502889,LUMPINI PARK Rattanathibet-Ngamwongwan
13.8199613,100.5058803,Riverrine Place
13.866871,100.489898,Lumpini Condo Town Rattanathibet
13.94001,100.362653,Baan Termrak 5 Baan Kluay-Bangbuathong
13.8148875,100.3394531,(Kanasiri Salaya)
13.882263,100.37064,Prueklada Bangyai 2
13.863773656177194,100.50106899734499,City Home Rattanathibet
14.0230299,100.443259,"Muban Casa Grand Chaiyapruek - Chaengwat Khlong Phra Udom, Pak Kret District, Nonthaburi 11120 tana"
13.844762175830164,100.52758428703305,HALLMARK Ngamwongwan
13.859042,100.519734,U DELIGHT Rattanathibet
13.890081124815,100.39457769919,Chaiyapruk bangyai
13.880962,100.493088,Burasiri Sanambinnam
13.811151,100.351998,Kanasiri Salaya-Pinklao
13.851026,100.532639,The Star condominium
13.8763637,100.4098098,Home Place Village
13.878328938767298,100.44678956616212,Sammakorn S9
13.584157,100.665224,Moo Baan Feung Fah Villa 11 Phase 4
13.941438224120644,100.55155662049813,Pruksa Ville 65 Srisamarn
13.875603,100.413584,Plum Condo Central Station Phase 2
13.9383125,100.4806875,Bangkok Boulevard Chaengwattana2
13.628129,100.691838,The Colors Bangna-Wongwaen
13.8628125,100.4951875,Baan Klang Muang Rattanathibet
13.906099,100.380718,M Venue Westgate
13.852339,100.543776,Lumpini Ville Prachachuen-Phongphet
13.914387,100.451703,Life Bangkok Boulevard Ratchaphruek - Rattanatibet
13.86879696372,100.54426971532,Prachachuen Nonthaburi 8
13.9077337,100.4958678,Perfect Masterpiece chaengwatthana
13.888942621602293,100.43647600859833,Vision Smart Life
13.919304,100.491665,Nantawan Chaengwattana-Ratchapruek
13.844063957078383,100.44861282209013,Bangkok Boulevard Ratchapruek – Rama 5 (2)
13.8945125,100.5514219,Twin Tower Chaengwattana
13.844599,100.529109,iCondo Ngamwongwan
13.8224171,100.412452,Q House Avenue Rachapruk-Rama 5
13.901494,100.444374,Grande Pleno Ratchapruek
13.908868618801126,100.45033871784273,Laddarom Elegance Ratchaphruk-Rattanathibet
13.866968489773614,100.49112497464165,Skyline Rattanathibet
13.927757,100.53294,Riviera Up Condominium Muang Thong Thani
13.8448335,100.3610179,WAM0109
13.9303,100.530489,Golden Neo Chaengwattana-Muangthong
13.8215625,100.4206875,Q.HOUSE AVENUE
13.8464375,100.5141875,Non Tower
13.842622,100.510285,Supalai Park Tiwanon
13.639492,100.853031,Indy Bangna
13.807610192660517,100.43415749186313,Life Bangkok Boulevard Ratchaphruek-Pinklao
13.636612215865702,100.69282350548444,The Connect 6 Wongwean - Bangna KM.10
13.9044375,100.5323125,"Single House at Kanya House, Nonthaburi"
13.874296737943855,100.45593611331287,Ladawan Rattanathibet
13.871997,100.482574,Supalai City Resort Phranangklao Station-Chaophraya
13.855643,100.538721,The Paint Palette Condominium
13.8354375,100.5200625,Flora Wong
13.905082719759,100.54029945397,Haus 35
13.961018030426358,100.36011062443181,Baan Termrak 4
13.8558875,100.4847031,Rompho Condo
15.87,100.9925,The oriental house
13.870756383015845,100.42332264671651,Town Avenue Merge Rattanatibet
13.910562,100.502337,The Forest Chaengwattana
13.648915,100.6133816,Apple Condo
13.5853125,100.6138125,Notting Hill Sukhumvit - Praksa
13.654797253088,100.60253177729,"114 square meters House for rent, Bearing Soi 19 (Owners Post)"
13.694567,100.783726,Baan Pruksa 86/2 Ladkrabang-Suvarnabhumi
13.625249703875628,100.64265735627966,Britania Srinakarin
13.607905186467313,100.67125184813452,Baan Mai Thepharak-Wongwaen
13.642837,100.715885,Golden Village Bangna-Kingkaew
13.698343,100.732138,Q District-Casa City Kingkaew-Suvarnabhumi
13.665954,100.712672,Atoll Java Bay
13.696232,100.716367,Pruksa Puri Kingkaew 37
13.6309375,100.7305625,"Thana City Village,"
13.642174,100.6357801,For Rent Samut Prakan Single House Ladawan Srinakarin Bang Phli BTS Bang Na Bang Phli BRE15737
13.610327,100.525414,Q District Suksawad-Wongwaen Rama 3
13.718551302781638,100.52680480737547,CENTRIC Sathorn-St.Louis
13.642194513984444,100.71737427848981,Golden Village
13.68303783326427,100.70594766472391,The Happiness Condo
13.6335741,100.7548851,Thana city
13.6653625,100.6628594,"Bangna Villa, Bangna-Trad Km 5, Soi Premruthai, just 6 minutes to Mega Bangna, Sri Iam BTS Station"
13.610358467157,100.72020470293,Noble Park Bangplee
13.588740626637577,100.65820714997724,Lally Ville Srinakarin - Teparak
13.584616,100.733333,Passorn Thepharak-Bangna
13.600426008164368,100.50267039021298,Wisatesuknakorn 16-Prachauthit 90
13.650089,100.644296,Baan Klang Muang British Town Srinakarin
13.696090246617626,100.72038074913696,The Connect Suvarnabhumi 2
13.6600986,100.6593186,For Rent Samut Prakan Single House Lakeside Villa 1 Bang Na BTS Bang Na Bang Phli BRE0710
13.742187,100.559938,Noble Recole Sukhumvit 19
13.772086,100.579889,Chapter One Eco Ratchada - Huaikwang
13.522898,100.656863,Baan Sub Nakorn Bang Pu
13.654734,100.606958,The Urban Attitude Bearing 14
13.6532561,100.5633676,"For Sale 2 storey detached house, 134 sq.w., 3bedrooms, 1bathroom, office separated, rooms for maid"
13.68071789039127,100.71553269186292,Patio Bangna-Wongwaen
13.587198284440195,100.49658904889479,Place & Park Prachauthit 90
13.643975,100.727614,Prestige Housing 2
13.602142739297687,100.62546645075494,Nirun Ville 55 Srinakarin
13.615678747184687,100.6336108433537,The Plant Thepharak - Bangna
13.6534375,100.6425625,Nue Noble Srinakarin-Lasalle
13.587887142553146,100.5088087435513,Pave - Pracha Uthit 90
13.6281875,100.6451875,Preecha Village
13.6519533,100.6069344,For Rent Samut Prakan Single House Fantasia Villa 3 Bearing BTS Bearing Mueang Samut Prakan BRE14636
13.626587709299782,100.65912519431896,Pruksa Ville 66/2 Bangna-Nhamdaeng
13.825354,100.566962,Knightsbridge Prime Ratchayothin
13.60864,100.611156,HOUSE FOR SALE IN LASALLE
13.613925741867705,100.69413846467468,Sivalee Suvarnabhumi
13.7247046,100.4958678,Voucher sena
13.665259324800887,100.70138125618824,Atoll Lanta Resort Life Bangna – Wongwaen
13.635187955367,100.65260518049,De Ville
13.6412618,100.6373643,For Rent Samut Prakan House Ladawan Srinakarin BTS Bang Na Bang Phli BRE15683
13.653597600626355,100.59183772883603,The Canvas Sukhumvit-Samrong
13.6335741,100.7548851,Prime Nature Villa
13.6600986,100.6593186,For Rent House Lakeside Villa 1 Bang Na Samut Prakan BRE9011
13.6480292,100.6853797,Tetra Bangna
13.606241,100.616903,Le Neo Srinakarin
13.606258,100.688636,Town Plus Thepharak
13.6569375,100.7049375,Summit Windmill Golf Residence
13.631096,100.654614,Suriya Perfect
13.596334,100.507017,Casa City Pracha-u-tid 90
13.5919375,100.8294375,Casa France @ Abac Bangna
13.657327794011,100.70560252457,Summit Windmill Golf Club
13.723306,100.56103,Siamese Exclusive Queens
13.6499375,100.6718125,Hip Luxury Design
13.6172195,100.7628898,VIVE Bangna-KM.7
13.695164,100.716744,Centro Onnut-Suvarnabhumi
13.6412618,100.6373643,For Sale and Rent Samut Prakan House Ladawan Srinakarin BTS Bang Na Bang Phli BRE15682
13.6335741,100.7548851,Townhouse lalil Srinakarin village near Bts Srilasal
13.643693,100.663421,Indy Bangna Km.7 (2)
13.566493,100.667127,Baan Ubon Sri
13.752222,100.49389,Thana City Nouvelle
13.870823,100.467008,Dcon Prime Rattanathibet
13.943812,100.442105,Sammakorn Chaiyapruek-Wongwaen 2
13.811496,100.341521,Villaggio Pinklao - Salaya
13.926426790233556,100.46216099738608,Manthana Chaengwattana-Ratchaphruek
13.914101,100.506769,The Kith Tiwanon
14.0390625,100.2908125,GRAND TANA
13.933057,100.363282,Baan Kunaphat 5
13.857033681983047,100.43648903296733,Grande Pleno Rattanatibeth
13.965551878461,100.66967125,Moon loft condo
13.8448335,100.3610179,Rest Bangyai
13.845455,100.396775,S-Gate Premium Kanchanpisek
13.868323,100.404958,Nonnicha Bangyai-Kaew In
13.867344984857024,100.46595440213945,Crystal Townhome
13.809332,100.482304,Passorn Pride Rama 5 - Sirindhorn
13.803056318944794,100.45046514859553,Nontsee Regent Ratchapruek
13.906563790246263,100.52954489738669,Proud X2
13.7986490219038,100.49252311358502,Baan Klang Muang THE ERA Pinklao-Charan
13.90879784235066,100.50254076322938,LUMPINI VILLE Jangwattana-Pakkled
13.895097,100.546716,CNP Condominium
13.8248125,100.4531875,Grand Bangkok Boulevard Ratchaphruek-Rama 5
13.9354695,100.383479,Chaiyapruk Bangyai Phase 3
13.9031163,100.5318847,Setthasiri Chaiyaphruek-Chaengwattana
13.8921842,100.5252611,Nichada Thani Project
13.808474,100.361442,Casa Ville Pinklao-Srirat
13.869712522363546,100.46246038934744,Perfect Place Rattanathibet
13.642247,100.668131,Indy 3 Bangna-km.7
13.836501267035898,100.44671063790688,Kuun Ratchaphruek
13.949635590136786,100.34947195366546,Baan Piyawararom 3
13.828984,100.397292,Lanceo Crib Pinklao - Rama 5
13.802599971153471,100.43417147440117,Villette Lite Ratchaphruek-Pinklao
13.598686450693759,100.62770564669307,Pruksa Ville 83 Sapbunchai-Srinakarin
13.906646,100.524781,HALLMARK CHAENGWATTANA
13.874959,100.40871,Bangyai Condotown
13.847724,100.369631,Chuan Chuen Town Kanchanapisek-Bangyai
13.869703,100.462463,Perfect Place Village Rattanathibet
13.881917,100.485829,Manor Sanambinnam
13.81044193985982,100.49641920359112,Cool Condo Rama 7
13.591219675642895,100.65171283294264,Fuengfa 15
13.7208447,100.5858786,Big House For Sale Nichada Thani Project In Chaeng Watthana Road
13.9239927,100.5028618,HAUS 35 CHAENGWATTANA
13.572810808716953,100.66819775627867,J Town Sukhumvit – Praksa
13.8096705,100.5097389,Baan Klang Muang The Era Pinklao-Charan
13.8090747,100.4496924,Tara Ratchapruk-Pinklao
13.876634449806625,100.47006912821765,Laddarom Rattanathibet
13.792466661047,100.43753080675,Life Bangkok Boulevard Sathorn-Pinklao
13.930144,100.55891,Setthasiri Chaengwattana-Prachachuen
13.8381875,100.5134375,Saritdet Condominium
13.9035625,100.3884375,Centro Westgate
13.634833572603192,100.6871974381249,The Colors Leisure Bangna Km.10
13.8809957,100.4999601,Nice Suites Sanambinnam condominium
13.824274372917882,100.453440728836,The City Rama 5-Ratchapruek
13.896974612374,100.47134969383,"2 Bedroom Townhouse in Pak Kret, Nonthaburi"
13.947886,100.457968,Burasiri Ratchaphruek - 345
13.885031150176781,100.4084450466271,Mantana Westgate
13.90216215051629,100.51638780571345,Bangkok Boulevard Chaengwattana
13.8567921,100.5396167,View Tower Condominium
13.8898125,100.5511875,Home K'ploy
13.879218306393343,100.43425704645054,Passorn 7 Rattanathibet
13.84261022411484,100.3769387210418,Chaiyaphruek Bangyai
13.8755625,100.4536814,Country Ville Resort Condominium
13.853738,100.512402,The Privacy Rewadee
13.983381577261877,100.32791921485705,The Village Kanjanapisek – Ratchapruek
13.558029877745463,100.81934766997529,The Connect Teparak-MuangMai
13.947478925037842,100.54550147116464,Areeya The Colors Tiwanon
13.9354695,100.383479,WAT0033
13.8448335,100.3610179,Supalai Park Ville Pinklao-Kanchana
13.88957,100.405623,Plum Condo Bangyai Station
13.86899622842235,100.50030645767073,Baan Suanthon Rattanathibet
14.0070928,100.3161126,WA81300
13.8658492,100.4941285,Townhouse
13.613911598525814,100.68788980696513,Passorn 28 Kingkaew-Namdaeng
13.6335741,100.7548851,Ananda sport life
13.6686174,100.642783,Thana City
13.650105,100.6719779,For Rent Samut Prakan Single House Nantawan Bang Na-Trat BTS Bang Na Bang Phli BRE0100
13.698429,100.604787,IDEO SUKHUMVIT 93
13.658745426839,100.60594196381,B-LOFT SUKHUMVIT 107
13.72194440777,100.5848502883606,NOBLE REVEAL Ekamai
13.6501437,100.6719873,Nantawan Bangna Km. 7
13.624382,100.590424,Vipha Ville Mansion
13.645922,100.67091,Mantana 2 Bangna Km.7
13.615615,100.666717,Bless Town Srinakarin - Namdang
13.601507462806799,100.82024170436239,Platform Orchid Park
13.715821,100.575019,OKA HAUS Sukhumvit 36
13.661802577576,100.65433887228,Plex bangna
13.3396875,100.7633125,The Best Kingkaew-Suvarnnabhumi
13.587864,100.508812,Villaggio Prachauthit 90
13.581023587886532,100.83635944285498,Kallapaphruek Garden Bangna
13.754458,100.56438,RHYTHM ASOKE
13.606929829149854,100.61724930886791,Le Nakarin Srinakarin
13.658004,100.606216,Cassia condominium
13.658563125299754,100.59842570839841,Very Sukhumvit 72
13.7768781,100.4790006,Modern Condo Bangphlat - Charan 79
13.603336870086,100.70790715088,Luxury House Opposite Big C Bangplee
13.594081,100.833117,The Avenue Spring @ABAC bangna
13.855906,100.584884,Ciela Sripatum
13.6335741,100.7548851,Lakeside Villa1
15.87,100.9925,lakeside villa 2
13.584494073490244,100.63523441468055,Nakornthong Colony Srinakarin
13.836612131285834,100.66183766004951,Lumpini CondoTown Ramindra - Navamin
13.605348980307989,100.750198868737,The Trust Suvarnabhumi-Theparak
13.672085910711685,100.78790063188161,Baan Pruksa Ladkrabang-Suvarnabhumi 3
13.6446968,100.6533335,Villa Villa Arcadia Srinakarin
13.73241,100.570571,THE XXXIX BY SANSIRI
13.653393944412429,100.64257665686904,Nue Noble Srinakarin – Lasalle
13.6210625,100.5899375,Aspire Erawan Tower B
13.789831,100.558428,Lot 29 condominium
13.747347,100.606657,Metris Rama 9-Ramkhamheang
13.650714,100.663829,The Aspen Tree at The Forestias
13.651384498123646,100.61007306453891,Sarin Wiz Sukhumvit 107
13.749752,100.556044,Circle Condominium
13.5641875,100.6419219,"Best Price Corner Townhouse, on main Rd. Phraeksa Soi 10, commercial area,close to Bangpu Industrial"
13.5999375,100.8149375,Delight Onnut - Motorway
13.622099337062041,100.66132591210138,The Plant Srinakarin-Namdaeng
13.6646875,100.7173125,Home Office for rent
13.639088687845366,100.66998484406898,Laddarom Bangna
13.6412618,100.6373643,For Rent Samut Prakan House Ladawan Srinakarin BTS Bang Na Bang Phli BRE15676
15.87,100.9925,Fantasia Villa2
13.642174,100.6357801,For Sale Samut Prakan Single House Ladawan Srinakarin Srinakarin BTS Bang Na Bang Phli BRE15935
13.644192,100.694254,For Sale Samut Prakan Single House Narasiri Bang Na-Trat Bang Phli BRE16822
13.591388983352166,100.62934581517284,Passorn Pride Srinakarin – Teparak
13.64706,100.60124,Lesto Condo Sukhumvit 113
13.7536875,100.5760625,ZAZZ Urban Bangkok
13.610269925227506,100.6737268197077,Manthana Wongwaen – Theparak
13.709233802945056,100.80774362417328,Delight Onnut-Motorway
13.7059375,100.7138125,prime nature villa
13.71397142880381,100.4718368065633,aspire Wutthakat
13.94817440294436,100.54779650768654,Pleno Tiwanon-Chaeng Wattana
13.81120416435241,100.44910407625358,Sivalee Pinklao-Sathorn
13.9354695,100.383479,WAM0108
13.85553,100.5174,The Crystal Condominium @Rawadee 2
13.896884,100.554382,Atmoz Chaengwattana
13.811757036847498,100.33880426840895,Kanasiri Salaya
13.899316,100.544932,The Seed Chaeng Watthana
13.859629,100.52205,The Parkland Ngamwongwan-Khaerai
13.8217625,100.4566406,The Estana RamaV
13.9354695,100.383479,WAM0301
13.926237755982218,100.46455480807208,Laddarom Chaiyaphruk-Chaengwattana
13.591893,100.630067,Baan Pruksa 74/3 Srinakarin-Teparak
13.889821709198664,100.3776159833143,Sirikan Bangyai
13.94379637975091,100.45951560691472,Casa Premium Ratchapruek-Chaengwattana
13.659835661298702,100.58248967301215,Pruksa Ville 26 Sanphawut-Sukhumvit 76
13.812297100154323,100.33478612572364,Pave Pinklao - Salaya
13.851551260608701,100.36951520091813,Baan Pruksa 25 Bangyai
13.843736088137362,100.44131831517723,Casa Premium Ratchaphruek-Rama 5
13.9354695,100.383479,WAM0107
13.882149373857246,100.3643565411328,The Muse Home Bangyai-Nonthaburi
13.888309,100.410602,The Iris Bangyai
13.862464,100.496121,The Connect Up 3 Rattanathibet 17
13.8062303,100.4764306,Life Bangkok Boulevard Rachaphruek-Pinklao
13.8832375,100.3796719,Pruklada Bangyai 2
13.862964,100.536036,Akesin Tower condominium
13.8021875,100.4564375,The Cluster Ville 4 Ratchaphruek-Sirinthorn
13.7084048244622,100.80701076608342,Pruksa Ville 60 Ladkrabang - Onnut
13.8448335,100.3610179,WAM0106
13.804931,100.485738,Golden City Pinklao-Charansanitwong
13.8224171,100.412452,Baan Krissana Rama 5-Kanchanapisek
13.877390054145,100.4741943226,The Metro Rattanathibet
14.0070928,100.3161126,WAM0203
13.9383125,100.4806875,Bangkok Boulevard Chaengwattana 2
13.541276,100.612336,Phanason Villa 12
13.642560993807361,100.66665161891538,Indy Bangna km.7(1)
13.980093353242601,100.32521703059135,THE RITMO Chaiyapruek - Wongwaen
13.629490597288143,100.66633067311346,Britania Mega Town Bangna
13.88907198050845,100.4613314182107,Maneerin Village
13.83983682966263,100.51438495940353,The Fifth Avenue Ratchada - Wongsawang
13.87393,100.478563,The Politan Rive
13.8367875,100.5054531,"Vision Smart City -Wongsawang-Tiwanon, Near Big C Rattanathibet, Esplanade"
13.8448335,100.3610179,VILLA KUNALAI
13.7993125,100.4578125,Bangkok Boulevard Sathorn-Pinklao2
13.823164847167961,100.44276569110326,Laddarom Elegance Rama 5-2
13.752222,100.49389,The Village Chaengwattana-Tiwanon
15.8256125,101.4527656,Perfect Place Rama 5-Ratchapruek
13.854563,100.519862,Aliss Tiwanon condominium
13.8836875,100.3673281,Baan Pruksa 21 Bangyai ‭
13.5856412,100.77353,swift condoswift condo
13.6412618,100.6373643,For Rent Samut Prakan House Ladawan Srinakarin BTS Bang Na Bang Phli BRE15680
13.638382,100.673201,Magnolias Southern California Bangna - KM.7
13.652403,100.644615,Nara Botanic 2
13.63570465664516,100.61944801244564,Baan Klang Muang Sukhumvit 113
13.601801304981077,100.46392943277172,Sinthavee Greenville
13.752222,100.49389,Baan Klang Muang Suksawat
13.723658,100.561795,Monterey Place Sukhumvit 16
13.635384742249451,100.6519654480226,De Ville Srinakarin
13.752222,100.49389,Summit Windmill Golf Course
13.712821884894112,100.59426537607476,WYNE by Sansiri
13.760554,100.542391,The Complete Rajprarop
13.6058169,100.8677256,"House for sale, Prueklada ABAC, Bangna km. 26 Bangkok"
13.587260565292947,100.6661940098056,Baan Tassarin
13.6568125,100.6049375,Fantasia Villa 2
13.656595900306,100.60462768219,Home Sukhumvit 107
13.840471,100.577882,Miti Chiva Kaset Station
13.637123,100.675939,Chaiyaphruek Bangna Km.7
13.756854185183432,100.5603342209015,A Space Asoke-Ratchada
13.567814549866892,100.8402080240606,Kallapapreuk Grand Garden
13.6117233,100.7323332,For Rent Samut Prakan Single House Srinakarin Bang Phli BRE17293
13.6158125,100.8456875,Abaconi Bangna
13.605600647214,100.70172431377,Summit Windmill
13.6335741,100.7548851,hip luxury design bangna
13.723893,100.566539,Bright Sukhumvit 24 condominium
13.647175,100.728608,Thana Place Kingkeaw
13.690308,100.608215,The Line Sukhumvit 101
13.73668626588839,100.56289699140166,Edge Sukhumvit 23
13.6389375,100.6708125,Casa city bangna
13.6554512,100.6744889,Mooban Ananda
13.6258125,100.6415625,Bangkok boulevard Srinakarin-Bangna
13.6555625,100.6901875,Eco Space Bangna
13.6412618,100.6373643,For Rent Samut Prakan House Ladawan Srinakarin BTS Bang Na Bang Phli BRE3428
13.9077337,100.4958678,House For Rent Nichada Thani Project
13.909623,100.55349,Popular condominium
13.599750894522705,100.62813021099204,Pruksa Ville 49 Srinakain
13.911804608218,100.3822880992,Chaiyapruek
13.8090747,100.4496924,The City Ratchapruek-Suanphak
13.931953,100.354348,Kunalai Courtyard
13.8821,100.550658,Grand Canal Prachachuen
13.568633,100.829335,Amity Bangna-Theparak
13.910739,100.36782,Baan Temrak
13.840598977222,100.50890747167,"Vision Smart City Nakronin - Rama 5, Near MRT"
13.752222,100.49389,the urbana nonthaburi
13.9184125,100.4360469,Modi Villa Chaiyapruek
13.590264578779182,100.68450116033593,Nakornthong Living (Bangna-Theaparak)
13.888517,100.552068,Nanthawan Pracha Chuen
13.9274375,100.5333125,riviera condo
13.9077337,100.4958678,Nantawan Prachachuen Village
13.8703565205366,100.46555739355995,Grow Rattanathibet
13.8991875,100.5258906,(Vertico Chaengwattana)
13.55359318029887,100.68206231532042,Baan Pruksa 88 Praeksa - Nikhom Uttahakam Bangpoo
13.9345375,100.5453281,"Mitpracha Village, Tiwanon"
13.8641875,100.5128125,Countryville Resort2
13.915497394688,100.44689769806,The Emmerald Garden & Sport Club
13.657633165145233,100.6606856727278,The Click Bang Phli
13.8658492,100.4941285,The Town
13.914901,100.54004,superio
13.847287,100.4484244,Kuun Ratchapruek Rama 5
13.940987,100.361734,Infinity Townhome Baan Kluay-Sainoi
13.909395,100.425538,Chonlada Bangbuathong
